{"22.06.2020 Group 1": ["2 miss out", "45Degree", "Onion Shooting", "Specialization", "In-out shooting"], "22.06.2020 Group 2": ["2 miss out", "45Degree", "Onion Shooting", "Specialization", "In-out shooting"], "23.06.2020 Group 1": ["Swing Step Lay Up", "Side Step Step Back", "Team Shooting Relocate", "Reaction Drill Hap Hap", "1v1 Chase"], "23.06.2020 Group 2": ["Swing Step Lay Up", "Side Step Step Back", "Team Shooting Relocate", "Reaction Drill Hap Hap", "1v1 Chase"], "24.06.2020 Group 1": ["Pick and Roll", "Shooting Machine", "Shooting Machine", "Pick and Roll"], "24.06.2020 Group 2": ["Shooting Machine", "Pick and Roll Shooting", "Pick and Roll Shooting", "Shooting Machine"], "25.06.2020 Group 1": ["Warmup 2 Ball", "3 Cones", "2 Balls Passing and Finish", "Read Screenes", "Freethrow"], "25.06.2020 Group 2": ["Warmup 2 Ball", "3 Cones", "2 Balls Passing and Finish", "Read Screenes", "Freethrow"], "26.06.2020 Group 1": ["Warming up ball handling", "COD & Shooting", "5 Shots maken 3 pnts", "2 Balls 3 lines", "5 Shots maken 2 pnts", "Continuation Play"], "26.06.2020 Group 2": ["Warming up ball handling", "COD & Shooting", "5 Shots maken 3 pnts", "2 Balls 3 lines", "5 Shots maken 2 pnts", "Continuation Play"], "29.06.2020 Group 1": ["W-Up + Clear to Post Moves", "Pick and Roll Team Shooting", "30 Second Shooting", "2 Min Team Shooting", "W5 Spot Shooting", "Spot Shooting 20x"], "29.06.2020 Group 2": ["W-Up + Clear to Post Moves", "Pick en Roll Team Shooting", "30 Second Shooting", "2 Min Team Shooting", "W5 Spot Shooting", "Spot Shooting 20x"], "30.06.2020 Group 1": ["Warming up Tennisballen", "Underdrag sidestep", "3man drill-2 balls-3 shots", "PressureShootingVW", "PressureShooting2points", "Continuation3v0breakdown"], "30.06.2020 Group 2": ["Warming up Tennisballen", "Underdrag sidestep", "3man drill-2 balls-3 shots", "PressureShootingVW", "PressureShooting2points", "Continuation3v0breakdown"], "01.07.2020 Group 1": ["Warming Up + 20 maken", "90 Balance Shooting", "Pindown Screen + Defense", "4 Clear Shots", "1v1Chase", "Star Drill"], "01.07.2020 Group 2": ["Warming Up + 20 maken", "90 Balance Shooting", "Pindown Screen + Defense", "4 Clear Shots", "1v1Chase", "1v1Chase", "Star Drill"], "03.07.2020 Group 1": ["Warmup", "4+1 Make", "Post Shooting", "Shooting", "Team Shooting", "Post Shooting"], "03.07.2020 Group 2": ["Warmup", "4+1 Make", "Post Shooting1", "Shooting", "Post Shooting2", "Team Shooting"], "02.07.2020 Group 1": ["Warmup1", "Warmup2", "3 Lines", "2 on 1", "Train Shooting", "2 on 2", "Shooting1", "Scrimmage", "Shooting2"], "07.07.2020 Group 1": ["Warming-up", "Sealing from out", "3 Lines backdoor continuation", "Closeout 3x3", "Team Shooting 3 lines", "Scrimmage 3x3"], "06.07.2020 Group 1": ["Warming-up", "Jab Step Finishes", "W Shooting 1min", "45 degrees", "Specialization Guards-Center"], "06.07.2020 Group 2": ["Warming-up", "Jab Step Finishes", "W Shooting 1min", "45 degrees", "Specialization Guards-Center"], "08.07.2020 Group 1": ["Warming up", "2 Balls shooting H O", "Onion shooting", "45 degrees", "Freethrows"], "08.07.2020 Group 2": ["Warming up", "2 Balls shooting H O", "Onion shooting", "45 degrees", "Freethrows"], "09.07.2020 Group 1": ["Warmup", "Shooting 4 Stops", "30 sec shooting", "1v1", "3v3 closeout", "FT Situation", "Scrimmage", "Scrimmage"], "10.08.2020 Group 1": ["Warming up", "Continuation 1x0", "Continuation 2x2", "Skills 5 shots"], "10.08.2020 Group 2": ["Warming up", "Continuation 1x0", "Continuation 2x2", "Skills 5 shots"], "11.08.2020 Group 1": ["Warming up", "Continution 3x0", "Scrimmage 3x3 1 court", "Scrimmage 3x3 2 courts", "Scrimmage 3x3 2 courts", "Shooting", "Scrimmage 3x3 2 courts"], "14.08.2020 Group 1": ["Warmup", "3-0 plays", "Shooting"], "17.08.2020 Group 1": ["Warming-up", "Power layup met contact", "1 minuut elbow layups", "Chimmy 5 spots 3 schoten", "W shooting 45 sec", "1v1", "3v3 Scrimmage"], "13.08.2020 Group 1": ["Warming up", " 2 Balls passing", "Fatigue Shooting", "Scrimmage"], "18.08.2020 Group 1": ["Warming up", "Continuation 3v0", "1v1&2v2", "V cut shooting", "Clear the ball", "Scrimmage", "25max"], "20.08.2020 Group 1": ["Warming up", "1x1 close down", "3x3 one possession", "3x3 baseline"], "21.08.2020 Group 1": ["Finish buitenkant - basket", "W-shooting"], "24.08.2020 Group 1": ["Warming up", "Shooting on the move", "The Lay Ups Elbow", "Defence Lace", "Line drill 2.5min"], "25.08.2020 Group 1": ["Warming up", "Sealing", "Jap Step", "Drive & Kick", "3v3Handicap", "3v3 Scrimmage", "45"], "28.08.2020 Group 1": ["Ballhandling_en_Finish", "Conditioning shooting", "shootin"], "31.08.2020 Group 1": ["Warming up", "Punch slide 3 cones layup", "PNR shooting", "3 line shooting", "1v1 run around the cones", "Scrimmage3v3"], "01.09.2020 Group 1": ["Warming-up", "Ball handling wide stance", "2lines PNR Drills", "Shooting V cut in & out", "Scrimmage", "Individual training"], "03.09.2020 Group 1": ["Warming up", "Agility Drills", "Shooting", "Scrimmage"], "07.09.2020 Group 1": ["Warmup Warming-up", "Warmup Agility-sprints", "Warmup Agility-zigzag", "Breakdown 1v0", "Breakdown 1v1", "Breakdown 3v0", "Scrimmage 3v3 scrimmage", "Shooting W-Shooting"], "08.09.2020 Group 1": ["Skills Falling Start", "Skills Agility drills", "Skills Reaction Drills", "Breakdown 2 lines drive & kick", "Breakdown 3v3 close out 2poss1", "Breakdown 3v0 - 3v3 def trans", "Shooting Team shooting", "Scrimmage 3v3 Scrimmage"], "10.09.2020 Group 1": ["Warmup Warming up", "Warmup Warming up2-", "Scrimmage Scrimmage3V3MV", "Scrimmage Scrimmage3v3MV2-", "Scrimmage Scrimmage3V3MV3-"], "11.09.2020 Group 1": ["Shooting Between the legs", "Shooting 2 Minutes", "Shooting uit Flip", "Shooting Helicopter & Clear"]}